<?xml version="1.0" encoding="UTF-8"?>
<project-private xmlns="http://www.netbeans.org/ns/project-private/1">
    <editor-bookmarks xmlns="http://www.netbeans.org/ns/editor-bookmarks/2" lastBookmarkId="1">
        <file>
            <url>src/Report.java</url>
            <bookmark id="1">
                <name/>
                <line>122</line>
                <key/>
            </bookmark>
        </file>
    </editor-bookmarks>
    <open-files xmlns="http://www.netbeans.org/ns/projectui-open-files/2">
        <group>
            <file>file:/C:/Users/CHING%20JIA%20ZHONG/Dropbox/PC/Documents/OODJ%20Assignment%20final/src/ProjectManager.java</file>
        </group>
    </open-files>
</project-private>
